{
  "videos": [
    {
      "thumbnail": "https://i.ytimg.com/vi/ESnrn1kAD4E/hq720.jpg?sqp=-oaymwEcCNAFEJQDSFXyq4qpAw4IARUAAIhCGAFwAcABBg==&rs=AOn4CLCM4TFslI3SlIi1HgliT3Rcy6cT1w",
      "title": "CSS Tutorial for Beginners | Complete CSS with Project, Notes & Code ",
      "channel": "ApnaCollegeOfficial",
      "views": "87K views",
      "id": 1
    },
    {
      "thumbnail": "https://i.ytimg.com/vi/qgSpqOHP3H8/hq720.jpg?sqp=-oaymwEcCNAFEJQDSFXyq4qpAw4IARUAAIhCGAFwAcABBg==&rs=AOn4CLB5UUGLmFRmFjwH_NpTusjA0lTpLw",
      "title": "Raja Rani Telugu Full Length Movie || Aarya, Nayanthara, Nazriya Nazim, Jai ",
      "channel": "VolgaVideo",
      "views": "40M views",
      "id": 2
    },
    {
      "thumbnail": "https://i.ytimg.com/vi/sWk9lpkGAfs/hq720.jpg?sqp=-oaymwEcCNAFEJQDSFXyq4qpAw4IARUAAIhCGAFwAcABBg==&rs=AOn4CLCaqhP9zLeLULkxd-I_zEbrtXwJxA",
      "title": "Googly - Yeno Yeno Aagide Full Song Video | Yash | Kriti Kharbhanda",
      "channel": "DBeatsMusicWorld",
      "views": "20M views",
      "id": 3
    },
    {
      "thumbnail": "https://i.ytimg.com/vi/cmXLAb-6oeM/hq720.jpg?sqp=-oaymwEcCNAFEJQDSFXyq4qpAw4IARUAAIhCGAFwAcABBg==&rs=AOn4CLCn-lqZ8TL4oNRgXehjrG_rJdWXfg",
      "title": " Awaara - Mandaara Poovalle Video | Yuvanshankar | Karthi",
      "channel": "SonyMusicSouthVEVO",
      "views": "9.2M views",
      "id": 4
    },
    {
      "thumbnail": "https://i.ytimg.com/vi/epAFDEJImrU/hqdefault.jpg?sqp=-oaymwEcCOADEI4CSFXyq4qpAw4IARUAAIhCGAFwAcABBg==&rs=AOn4CLBcyu2SI1b6zgIaEThZxqPYbKfDSg",
      "title": "Darshana - Official Video Song | Hridayam | Pranav | Darshana | Vineeth | Hesham | Merryland ",
      "channel": "ThinkMusicIndia",
      "views": "115M views",
      "id": 5
    },
    {
      "thumbnail": "https://i.ytimg.com/vi/d_CoMZ-69yk/hq720.jpg?sqp=-oaymwEcCNAFEJQDSFXyq4qpAw4IARUAAIhCGAFwAcABBg==&rs=AOn4CLAm8dByTGaXeJ560IaHBMRwe8KH0A",
      "title": "#OndeSamane - Video Song | Gaalipata | Ganesh | Daisy Bopanna | Sonu Nigam | Yogaraj Bhat ",
      "channel": "ARC Musicq Kannada",
      "views": "833k views",
      "id": 6
    },
    {
      "thumbnail": "https://i.ytimg.com/vi/0n7AWxYCj9I/hq720.jpg?sqp=-oaymwEcCNAFEJQDSFXyq4qpAw4IARUAAIhCGAFwAcABBg==&rs=AOn4CLDUChiH24-GK6MgafIoIeMz8AMZ1A",
      "title": "Na Roja Nuvve | Kushi | Vijay Deverakonda | Samantha Ruth Prabhu | Hesham Abdul Wahab | Lyrical ",
      "channel": "Saregama Telugu",
      "views": "27M views",
      "id": 7
    },
    {
      "thumbnail": " https://i.ytimg.com/vi/hgQeo55s4So/hq720.jpg?sqp=-oaymwEcCNAFEJQDSFXyq4qpAw4IARUAAIhCGAFwAcABBg==&rs=AOn4CLAtt8hIJr5t-c3-PC5NIoUzlgIB1w",
      "title": "Orange-ఆరెంజ్  Telugu Movie Songs | Rooba Rooba Video Song | Ram Charan | VEGA Music",
      "channel": "Vega Music ",
      "views": "10M views",
      "id": 8
    },
    {
      "thumbnail": "https://i.ytimg.com/vi/n4R2E7O-Ngo/hq720.jpg?sqp=-oaymwEcCNAFEJQDSFXyq4qpAw4IARUAAIhCGAFwAcABBg==&rs=AOn4CLDSMtS08KvGY9CysqV8MrNP6Zye0Q",
      "title": "CSS Full Course for Beginners | Complete All-in-One Tutorial | 11 Hours ",
      "channel": "Dave Gray",
      "views": "377k views",
      "id": 9
    },
    {
      "thumbnail": " https://i.ytimg.com/vi/X48VuDVv0do/hq720.jpg?sqp=-oaymwEcCNAFEJQDSFXyq4qpAw4IARUAAIhCGAFwAcABBg==&rs=AOn4CLDaGieDd84OAuTZIu_P0KKaEoG07Q",
      "title": " Kubernetes Tutorial for Beginners [FULL COURSE in 4 Hours]",
      "channel": "TechWorld with Nana",
      "views": "6.3M views",
      "id": 10
    },
    {
      "thumbnail": "https://i.ytimg.com/vi/E90u2H5113U/hq720.jpg?sqp=-oaymwEcCNAFEJQDSFXyq4qpAw4IARUAAIhCGAFwAcABBg==&rs=AOn4CLA6c0mpYZVa-olwvLZMQJlYzhChqA ",
      "title": "Why Tier-3 Colleges Are Better Than IITs - Boycott JEE? IIT Alternatives! ",
      "channel": "Kunal Kushwaha",
      "views": "20K views",
      "id": 11
    },
    {
      "thumbnail": " https://i.ytimg.com/vi/gIQ3JmA670U/hq720.jpg?sqp=-oaymwEcCNAFEJQDSFXyq4qpAw4IARUAAIhCGAFwAcABBg==&rs=AOn4CLDK_AFPpN36k_lxC-hSqOQq5TyX5Q",
      "title": "The memories that light up our hearts | RCB Bold Diaries",
      "channel": "Royal Challenger Bangalore ",
      "views": "10M views",
      "id": 12
    }
  ],
  "shorts": [
    {
      "thumbnail": "https://i.ytimg.com/vi/Rg6ozjEWjuI/oar2.jpg?sqp=-oaymwEaCJUDENAFSFXyq4qpAwwIARUAAIhCcAHAAQY=&rs=AOn4CLDM4H-JMd4ErertWS8YrOEyq3rIYw",
      "title": "Jonita Gandhi Dance🥰💃#youtubeshorts ",
      "channel": "ranjandeshmukh ",
      "views": "1.6M views"
    },
    {
      "thumbnail": " https://i.ytimg.com/vi/FLSAL0m4mPU/oar2.jpg?sqp=-oaymwEaCJUDENAFSFXyq4qpAwwIARUAAIhCcAHAAQY=&rs=AOn4CLCAlTx7JYBf7hHY1NkQG0bUUMjBEw",
      "title": " 3 Awesome iOS 17 Features!",
      "channel": "BeeBoom ",
      "views": "1.9M views"
    },
    {
      "thumbnail": " https://i.ytimg.com/vi/BbHigWeAMwo/oar2.jpg?sqp=-oaymwEaCJUDENAFSFXyq4qpAwwIARUAAIhCcAHAAQY=&rs=AOn4CLC2jVDa2dzhKyRRpXmzJu-DP3a6BQ",
      "title": "ByTwoLove Film making ",
      "channel": "kannadaTalkies ",
      "views": "299k views"
    },
    {
      "thumbnail": " https://i.ytimg.com/vi_webp/g_mSpVVLjvo/oar2.webp",
      "title": "Albert Einstein Doing Maths ",
      "channel": "alberteinstein5808 ",
      "views": "351k views"
    },
    {
      "thumbnail": "https://i.ytimg.com/vi/rrA_Dfue3i0/oar2.jpg?sqp=-oaymwEaCJUDENAFSFXyq4qpAwwIARUAAIhCcAHAAQY=&rs=AOn4CLBpBl7dORHq0Ypx9aNUnunZLVGiFg ",
      "title": "How to study effectively ",
      "channel": "@Suman_success_step ",
      "views": "11M views"
    },
    {
      "thumbnail": "https://i.ytimg.com/vi/9Vt2Xo7mSGw/oar2.jpg",
      "title": "Should I Take Education Loan f ",
      "channel": "financewithsharan ",
      "views": " 1.9M views"
    }
  ]
}